key,feature_name
1,feature_1
2,feature_10
3,feature_100
4,feature_11
5,feature_12
6,feature_13
7,feature_14
8,feature_15
9,feature_16
10,feature_17
11,feature_18
12,feature_19
13,feature_2
14,feature_20
15,feature_21
16,feature_22
17,feature_23
18,feature_24
19,feature_25
20,feature_26
21,feature_27
22,feature_28
23,feature_29
24,feature_3
25,feature_30
26,feature_31
27,feature_32
28,feature_33
29,feature_34
30,feature_35
31,feature_36
32,feature_37
33,feature_38
34,feature_39
35,feature_4
36,feature_40
37,feature_41
38,feature_42
39,feature_43
40,feature_44
41,feature_45
42,feature_46
43,feature_47
44,feature_48
45,feature_49
46,feature_5
47,feature_50
48,feature_51
49,feature_52
50,feature_53
51,feature_54
52,feature_55
53,feature_56
54,feature_57
55,feature_58
56,feature_59
57,feature_6
58,feature_60
59,feature_61
60,feature_62
61,feature_63
62,feature_64
63,feature_65
64,feature_66
65,feature_67
66,feature_68
67,feature_69
68,feature_7
69,feature_70
70,feature_71
71,feature_72
72,feature_73
73,feature_74
74,feature_75
75,feature_76
76,feature_77
77,feature_78
78,feature_79
79,feature_8
80,feature_80
81,feature_81
82,feature_82
83,feature_83
84,feature_84
85,feature_85
86,feature_86
87,feature_87
88,feature_88
89,feature_89
90,feature_9
91,feature_90
92,feature_91
93,feature_92
94,feature_93
95,feature_94
96,feature_95
97,feature_96
98,feature_97
99,feature_98
100,feature_99
